{
  "area": {
    "mean": 13700.7880859375,
    "std": 2778.778076171875
  },
  "rg": {
    "mean": 18.057815551757812,
    "std": 1.2348204851150513
  },
  "rdf": {
    "mean": 1.7853187322616577,
    "std": 0.18507862091064453
  }
}