{
  "area": {
    "mean": 13728.205078125,
    "std": 2894.424072265625
  },
  "rg": {
    "mean": 18.084781646728516,
    "std": 1.3275400400161743
  },
  "rdf": {
    "mean": 1.7781115770339966,
    "std": 0.21925011277198792
  }
}