{
  "area": {
    "mean": 13722.5927734375,
    "std": 2836.08837890625
  },
  "rg": {
    "mean": 18.076810836791992,
    "std": 1.2832047939300537
  },
  "rdf": {
    "mean": 1.7772773504257202,
    "std": 0.21644143760204315
  }
}